,Pe,Sl,alpha,T,t_shift
Pe,0.00037851310551768126,-0.00035020430145052953,-1.03364619842399e-07,-0.0003266265014829215,0.0012961217316379775
Sl,-0.00035020430145052953,0.00034917385698190215,1.0416521674721964e-07,0.0002459117636291377,-0.0010566003390695743
alpha,-1.03364619842399e-07,1.0416521674721964e-07,4.371865086515089e-11,7.460258044983115e-08,-3.4457749976736316e-07
T,-0.0003266265014829215,0.0002459117636291377,7.460258044983115e-08,0.015018367148836205,-0.03453789034799653
t_shift,0.0012961217316379773,-0.0010566003390695743,-3.4457749976736316e-07,-0.03453789034799653,0.12046726360180145
