,Pe,Sl,alpha,T,t_shift
Pe,0.0067571234837948265,-0.006068839426447573,1.7394177899130052e-07,-0.0004811438430017501,0.0014737203266012746
Sl,-0.006068839426447573,0.006039062168194497,-1.7422911011402085e-07,0.00034907214558158256,-0.0010718408753744098
alpha,1.7394177899130052e-07,-1.7422911011402085e-07,6.658561330806554e-12,-1.2717572597025913e-08,3.259914282716115e-08
T,-0.00048114384300175007,0.00034907214558158256,-1.2717572597025913e-08,0.006405543886945756,-0.02078209478026261
t_shift,0.0014737203266012744,-0.0010718408753744098,3.259914282716115e-08,-0.02078209478026261,0.08709683544241484
