parametre,valor,error_1sigma
Pe,445.4705356677147,0.13515379634098607
Sl,-28.4337503378926,0.12754124655036733
alpha,0.0005232223949331184,7.425038523331967e-06
T,495.3833300769799,0.28439089239934506
t_shift,228.10371949623274,0.6495109148280471

chi2,311.7117915319502
chi2_red,6.111995912391181
dof,51
