,Pe,Sl,alpha,T,t_shift
Pe,0.018266548665380737,-0.015777951905873437,7.446739397976748e-07,0.0011181134912937106,-0.006947198257268357
Sl,-0.015777951905873434,0.016266769571621584,-7.210644561441853e-07,-0.0008205550917166956,0.007239015631964121
alpha,7.446739397976748e-07,-7.210644561441854e-07,5.5131197072963754e-11,-1.0647746660938192e-07,-1.2942440077976678e-07
T,0.0011181134912937106,-0.0008205550917166934,-1.0647746660938192e-07,0.08087817967969586,-0.14267528125775467
t_shift,-0.006947198257268357,0.007239015631964121,-1.294244007797668e-07,-0.14267528125775467,0.4218644284807667
