,B,omega_r,beta
B,2723326074697.3853,563423.9694686001,2853966.1478838483
omega_r,563423.9694686001,4.413557307615895,0.4169883301221533
beta,2853966.147883848,0.4169883301221533,4.147982325515811
